Gold,Sam,Webster,Male,Cycling - Track,Men's sprint,Sam-Webster.jpg
Gold,Sophie,Pascoe,Female,Swimming,Women's 200 m individual medley SM10,Sophie-Pascoe.jpg
Gold,Jo,Edwards,Female,Lawn bowls,Women's singles,Jo-Edwards.jpg
Gold,Joelle,King,Female,Squash,Women's singles,Joelle-King.jpg
Gold,Sophie,Pascoe,Female,Swimming,Women's 100 m breaststroke SB9,Sophie-Pascoe.jpg
Gold,David,Liti,Male,Weightlifting,Men's +105 kg,David-Liti.jpg
Gold,Tomas,Walsh,Male,Athletics,Men's shot put,Tomas-Walsh.jpg
Gold,Julia,Ratcliffe,Female,Athletics,Women's hammer throw,Julia-Ratcliffe.jpg
Gold,Sam,Gaze,Male,Cycling - Mountain bike,Men's cross-country,Sam-Gaze.jpg
Gold,David,Nyika,Male,Boxing,Men's 91 kg,David-Nyika.jpg
Silver,Natasha,Hansen,Female,Cycling - Track,Women's sprint,Natasha-Hansen.jpg
Silver,Campbell,Stewart,Male,Cycling - Track,Men's scratch race,Campbell-Stewart.jpg
Silver,Alana,Barber,Female,Athletics,Women's 20 km walk,Alana-Barber.jpg
Silver,Eddie,Dawkins,Male,Cycling - Track,Men's 1 km time trial,Eddie-Dawkins.jpg
Silver,Campbell,Stewart,Male,Cycling - Track,Men's points race,Campbell-Stewart.jpg
Silver,Holly,Robinson,Female,Athletics,Women's javelin throw F46,Holly-Robinson.jpg
Silver,Paul,Coll,Male,Squash,Men's singles,Paul-Coll.jpg
Silver,Linda,Villumsen,Female,Cycling - Road,Women's time trial,Linda-Villumsen.jpg
Silver,Anton,Cooper,Male,Cycling - Mountain bike,Men's cross-country,Anton-Cooper.jpg
Silver,Valerie,Adams,Female,Athletics,Women's shot put,Valerie-Adams.jpg
Silver,Eliza,McCartney,Female,Athletics,Women's pole vault,Eliza-McCartney.jpg
Silver,Georgia,Williams,Female,Cycling - Road,Women's road race,Georgia-Williams.jpg
Bronze,Dylan,Kennett,Male,Cycling - Track,Men's individual pursuit,Dylan-Kennett.jpg
Bronze,Eddie,Dawkins,Male,Cycling - Track,Men's keirin,Eddie-Dawkins.jpg
Bronze,Lewis,Clareburt,Male,Swimming,Men's 400 m individual medley,Lewis-Clareburt.jpg
Bronze,Emma,Cumming,Female,Cycling - Track,Women's 500 m time trial,Emma-Cumming.jpg
Bronze,Natasha,Hansen,Female,Cycling - Track,Women's keirin,Natasha-Hansen.jpg
Bronze,Hamish,Bond,Male,Cycling - Road,Men's time trial,Hamish-Bond.jpg
Bronze,Tasmyn,Benny,Female,Boxing,Women's 48 kg,Tasmyn-Benny.jpg
Bronze,Alexis,Pritchard,Female,Boxing,Women's 57kg,Alexis-Pritchard.jpg
Bronze,Troy,Garton,Female,Boxing,Women's 60kg,Troy-Garton.jpg
Bronze,Patrick,Mailata,Male,Boxing,Men's +91kg,Patrick-Mailata.jpg
Bronze,Paul,Coll,Male,Squash,Mixed doubles,Paul-Coll.jpg
Bronze,Joelle,King,Female,Squash,Mixed doubles,Joelle-King.jpg